Puzzles,AMT (s),Solved rate,1-sigma Mean (s),1-sigma STD (s)
1 1 11 11,4.41,99.60%,4.68,1.45
6 6 6 6,4.59,99.40%,4.82,1.49
1 1 12 12,5.03,99.40%,5.4,1.66
1 1 13 13,5.16,99.30%,5.45,1.66
12 12 12 12,5.25,99.30%,5.73,2.14
1 1 11 12,5.27,99.30%,5.67,1.8
1 1 4 6,4.4,99.20%,4.67,1.48
1 1 3 8,4.45,99.20%,4.69,1.48
1 2 2 6,4.8,99.20%,5.16,1.61
1 1 1 12,4.86,99.20%,5.18,1.63
2 2 2 12,5.02,99.10%,5.37,1.7
1 1 11 13,5.23,99.10%,5.66,1.85
1 1 2 12,4.63,99.10%,4.95,1.57
1 1 5 5,5.35,99.10%,5.71,1.8
1 2 3 4,5.1,99%,5.46,1.85
2 2 4 6,5.54,99%,5.92,1.9
2 2 2 3,5.72,99%,5.98,1.72
1 1 10 12,4.81,99%,5.06,1.54
4 6 11 11,5.0,98.90%,5.38,1.73
1 1 2 11,5.09,98.90%,5.41,1.7
1 1 1 8,4.48,98.80%,4.66,1.25
1 1 2 13,5.19,98.70%,5.49,1.78
5 5 12 12,5.42,98.70%,5.78,1.75
2 5 5 12,5.46,98.70%,5.87,1.99
1 1 12 13,5.42,98.70%,5.8,1.84
4 6 13 13,5.24,98.70%,5.63,1.79
1 6 6 12,5.24,98.70%,5.57,1.72
2 7 7 12,5.29,98.70%,5.65,1.89
3 3 12 12,5.36,98.70%,5.83,2.03
2 2 12 12,5.68,98.70%,6.21,2.26
11 11 12 12,5.1,98.70%,5.5,1.87
4 6 7 7,5.18,98.60%,5.53,1.83
7 7 12 12,5.17,98.60%,5.58,1.89
12 12 13 13,5.4,98.60%,5.79,1.91
2 3 3 12,5.44,98.60%,5.91,2.04
4 4 12 12,5.51,98.60%,5.93,2.05
10 10 12 12,5.31,98.60%,5.74,1.91
1 5 6 12,5.79,98.50%,6.17,2.07
1 5 7 11,6.03,98.50%,6.48,2.14
1 6 7 10,5.98,98.50%,6.53,2.26
1 6 7 12,5.56,98.50%,5.97,1.97
1 3 4 12,5.52,98.50%,5.95,1.97
8 8 12 12,5.38,98.50%,5.8,1.95
1 1 2 6,5.09,98.40%,5.4,1.61
11 11 11 13,5.48,98.40%,6.03,2.26
1 2 3 10,6.16,98.40%,6.47,2.0
2 12 12 12,6.36,98.40%,6.75,2.46
6 6 12 12,5.75,98.40%,6.31,2.35
2 4 4 12,5.88,98.40%,6.24,2.14
3 4 4 8,5.44,98.30%,5.85,1.94
1 4 7 12,5.59,98.30%,5.99,2.02
4 6 6 6,5.65,98.30%,6.02,2.07
2 2 4 5,6.21,98.30%,6.6,2.11
9 9 12 12,5.34,98.30%,5.84,2.11
1 5 7 12,5.3,98.30%,5.87,2.12
1 6 6 11,5.71,98.20%,6.18,2.24
2 2 10 10,4.85,98.20%,5.13,1.63
1 6 8 9,6.05,98.20%,6.5,2.36
1 1 4 8,4.99,98.10%,5.35,1.83
1 5 8 12,6.02,98.10%,6.51,2.23
2 2 3 8,5.33,98.10%,5.72,1.93
4 4 4 6,5.26,98.10%,5.61,1.94
2 2 11 13,6.04,98%,6.59,2.43
3 3 3 8,5.04,98%,5.4,1.8
2 2 8 12,6.61,98%,7.06,2.29
1 1 3 4,6.08,98%,6.4,2.03
2 2 3 12,5.76,98%,6.17,2.02
1 1 10 13,5.65,97.90%,6.09,2.2
5 6 6 7,6.54,97.90%,7.06,2.44
1 5 7 13,6.16,97.90%,6.53,2.09
1 4 10 10,5.5,97.90%,5.91,2.1
4 4 11 13,5.64,97.90%,6.25,2.36
2 3 4 6,6.6,97.80%,7.01,2.29
5 5 7 7,5.65,97.80%,5.97,1.91
1 1 4 5,5.38,97.80%,5.77,2.02
4 4 4 4,6.43,97.80%,7.03,2.93
2 4 8 10,7.43,97.80%,7.91,2.6
11 13 13 13,5.85,97.80%,6.41,2.42
1 1 2 8,4.96,97.80%,5.31,1.76
6 6 11 13,5.79,97.80%,6.3,2.25
3 6 7 8,6.39,97.80%,6.79,2.31
1 7 7 10,5.7,97.80%,6.17,2.18
1 2 2 12,5.74,97.70%,6.1,1.99
3 3 4 6,5.71,97.70%,6.14,2.11
3 3 3 6,6.17,97.70%,6.71,2.56
1 6 8 11,6.84,97.70%,7.3,2.46
2 6 6 12,6.44,97.70%,6.97,2.55
1 8 8 8,5.32,97.70%,5.65,1.94
1 1 3 6,5.17,97.70%,5.52,1.77
1 2 10 11,6.32,97.60%,6.66,2.39
1 2 4 12,5.16,97.60%,5.56,1.99
10 10 11 13,5.91,97.60%,6.49,2.37
11 12 12 12,5.4,97.60%,5.74,1.88
3 9 9 9,6.04,97.60%,6.47,2.16
4 5 12 13,5.93,97.60%,6.42,2.16
3 8 8 8,5.73,97.50%,6.09,2.14
1 3 4 5,7.23,97.50%,7.73,2.53
1 4 8 12,5.91,97.50%,6.26,2.2
4 8 10 10,5.9,97.50%,6.32,2.15
1 6 9 9,6.44,97.50%,6.87,2.52
1 4 6 13,6.51,97.50%,6.96,2.39
1 7 8 10,5.99,97.50%,6.41,2.3
2 8 8 12,5.95,97.40%,6.47,2.44
7 7 11 13,5.79,97.40%,6.32,2.29
12 12 12 13,5.73,97.40%,6.07,1.98
3 4 4 6,5.77,97.40%,6.1,1.93
4 5 5 5,5.99,97.40%,6.55,2.42
3 7 7 7,5.69,97.40%,6.03,2.02
1 3 3 4,5.61,97.40%,5.86,1.79
1 4 8 13,6.68,97.40%,7.07,2.44
4 5 11 12,5.66,97.40%,6.06,2.09
1 3 10 10,5.57,97.40%,5.87,2.0
1 1 4 12,5.03,97.40%,5.45,1.85
5 6 12 13,6.11,97.40%,6.51,2.17
1 2 6 6,5.98,97.40%,6.41,2.25
1 1 1 13,5.58,97.40%,5.9,1.77
2 3 12 12,5.58,97.40%,5.97,2.0
1 6 7 11,6.39,97.40%,7.02,2.89
1 2 10 12,6.03,97.40%,6.55,2.43
1 2 11 11,5.95,97.30%,6.44,2.44
3 7 10 10,5.96,97.30%,6.35,2.19
1 1 3 12,5.02,97.30%,5.36,1.84
1 5 10 10,6.28,97.30%,6.65,2.3
1 1 1 11,5.27,97.30%,5.56,1.66
2 9 9 12,5.33,97.30%,5.74,2.0
4 5 5 6,5.7,97.30%,6.11,2.11
4 6 6 8,7.14,97.30%,7.61,2.61
1 2 13 13,6.23,97.20%,6.93,2.69
1 6 6 13,6.42,97.20%,6.8,2.44
2 11 11 12,5.26,97.20%,5.68,2.0
5 6 11 12,5.91,97.20%,6.36,2.23
6 8 10 12,6.74,97.20%,7.28,2.79
1 1 9 13,6.09,97.20%,6.55,2.54
1 1 6 6,6.05,97.20%,6.46,2.19
1 3 11 11,6.27,97.20%,6.68,2.43
1 3 6 6,6.42,97.20%,6.89,2.58
5 6 12 12,5.39,97.10%,5.78,1.81
1 2 4 4,5.99,97.10%,6.33,2.14
1 7 8 9,5.92,97.10%,6.38,2.27
1 1 4 7,5.65,97.10%,5.95,2.07
2 12 13 13,5.49,97.10%,5.85,2.04
1 6 8 10,6.55,97.10%,6.98,2.39
1 2 2 11,6.92,97.10%,7.46,2.95
4 5 12 12,5.24,97%,5.6,1.79
1 2 10 13,6.61,97%,7.12,2.72
1 3 13 13,6.59,97%,7.11,2.6
1 1 3 9,5.17,97%,5.52,1.85
8 8 11 13,5.6,97%,6.1,2.29
3 8 9 9,5.45,97%,5.83,1.98
2 10 10 12,5.91,97%,6.29,2.31
1 2 3 8,6.2,97%,6.61,2.38
4 7 10 11,6.89,97%,7.42,2.74
1 2 3 6,6.65,97%,7.08,2.43
3 4 5 12,7.18,97%,7.61,2.67
11 12 12 13,6.78,97%,7.39,2.67
3 6 6 8,5.95,97%,6.35,2.24
1 4 4 5,6.27,96.90%,6.82,2.67
1 2 11 12,6.93,96.90%,7.63,3.2
3 3 3 12,6.17,96.90%,6.65,2.46
2 3 3 8,5.57,96.90%,5.94,1.94
3 3 11 13,6.12,96.90%,6.62,2.5
3 5 5 8,5.57,96.90%,5.97,2.08
1 2 6 12,6.01,96.80%,6.38,2.24
6 7 11 12,6.3,96.80%,6.84,2.59
4 6 12 12,6.58,96.80%,7.03,2.42
1 7 7 11,6.58,96.80%,7.15,2.6
1 3 7 13,7.01,96.80%,7.4,2.64
1 6 8 12,5.38,96.80%,5.77,2.0
1 1 3 7,5.5,96.80%,5.82,1.95
4 6 8 8,5.88,96.80%,6.31,2.23
1 3 6 12,5.88,96.80%,6.27,2.18
9 9 11 13,5.81,96.80%,6.35,2.41
1 1 5 6,5.19,96.80%,5.62,2.04
2 7 7 8,5.64,96.80%,5.94,1.99
3 7 7 8,5.11,96.70%,5.48,1.89
1 3 3 9,6.61,96.70%,7.15,2.85
5 7 10 12,6.69,96.70%,7.13,2.44
10 11 11 12,7.31,96.70%,7.8,2.8
2 6 7 13,6.96,96.60%,7.37,2.66
1 2 2 10,5.71,96.60%,6.05,2.11
1 3 8 12,7.64,96.60%,8.14,2.9
1 4 6 12,5.81,96.60%,6.23,2.41
1 4 7 8,6.19,96.60%,6.68,2.71
1 7 8 8,6.09,96.60%,6.61,2.66
3 4 5 7,6.81,96.60%,7.28,2.65
4 4 4 12,6.99,96.60%,7.46,2.94
1 4 7 13,6.54,96.50%,7.22,2.95
5 5 11 12,5.52,96.50%,5.89,1.9
1 8 9 12,5.56,96.50%,5.87,1.96
1 4 8 8,6.24,96.50%,6.71,2.48
1 2 4 8,6.05,96.50%,6.44,2.31
3 4 10 13,6.63,96.50%,7.15,2.82
2 4 10 12,7.28,96.50%,7.94,3.12
3 8 12 12,6.03,96.50%,6.47,2.46
2 2 2 8,6.28,96.40%,6.84,2.73
6 7 10 13,6.98,96.40%,7.5,2.75
4 6 6 7,5.87,96.40%,6.23,2.1
1 1 5 7,6.23,96.40%,6.56,2.09
7 8 12 13,6.87,96.40%,7.34,2.62
3 4 11 13,5.84,96.40%,6.32,2.35
1 2 2 13,7.09,96.40%,7.64,3.12
1 2 3 9,7.43,96.40%,7.98,3.1
1 3 10 12,7.07,96.40%,7.55,2.75
2 4 4 8,6.82,96.40%,7.23,2.67
1 3 5 12,5.42,96.40%,5.79,2.1
1 3 10 11,6.87,96.40%,7.53,3.1
1 1 5 8,5.0,96.40%,5.36,1.81
7 9 13 13,6.83,96.30%,7.42,2.78
2 8 9 9,5.74,96.30%,6.13,2.1
4 6 9 9,5.79,96.30%,6.17,2.22
4 6 10 10,5.97,96.30%,6.34,2.37
1 5 8 10,6.54,96.30%,7.09,2.54
1 8 8 12,5.61,96.30%,5.91,1.9
4 4 4 8,6.82,96.30%,7.38,2.8
1 8 8 9,6.37,96.30%,6.9,2.71
1 7 7 9,7.03,96.30%,7.4,2.83
2 5 6 11,6.63,96.30%,7.12,2.59
1 2 3 12,6.25,96.20%,6.8,2.53
3 6 6 9,7.77,96.20%,8.24,2.96
8 9 12 12,5.75,96.20%,6.26,2.24
1 2 4 10,7.13,96.20%,7.62,3.17
3 3 5 6,6.76,96.20%,7.36,2.7
2 3 3 6,7.95,96.20%,8.45,2.96
2 3 5 5,7.05,96.20%,7.57,2.94
2 4 11 11,5.9,96.20%,6.33,2.34
3 8 9 10,6.59,96.20%,6.95,2.46
1 3 9 12,6.08,96.20%,6.48,2.34
7 8 11 12,6.57,96.20%,7.05,2.64
3 3 4 8,6.1,96.20%,6.43,2.14
9 10 11 12,6.9,96.10%,7.41,2.76
1 2 8 8,6.4,96.10%,6.97,2.74
7 8 12 12,5.63,96.10%,6.07,2.12
1 2 3 7,7.5,96.10%,8.17,3.2
2 2 7 13,7.1,96.10%,7.59,2.92
5 5 11 13,6.15,96.10%,6.75,2.52
1 4 4 7,6.49,96.10%,7.22,3.18
5 5 5 6,6.22,96.10%,6.68,2.34
3 4 5 8,6.5,96.10%,6.96,2.63
5 7 11 11,6.79,96.10%,7.22,2.67
8 9 12 13,6.91,96%,7.4,2.7
3 3 3 3,6.67,96%,7.4,3.34
1 3 6 7,6.91,96%,7.32,2.81
2 6 7 9,7.21,96%,7.75,3.0
3 8 11 11,5.39,96%,5.74,2.09
1 3 4 11,7.14,96%,7.65,2.91
3 8 12 13,5.82,96%,6.19,2.2
1 3 3 7,6.41,95.90%,7.25,3.33
2 2 2 4,6.8,95.90%,7.13,2.48
1 4 9 12,7.67,95.90%,8.33,3.37
1 2 4 6,6.5,95.90%,6.88,2.53
2 3 12 13,6.76,95.90%,7.24,2.63
2 10 11 12,6.56,95.90%,6.86,2.4
2 6 6 6,7.45,95.90%,8.01,3.06
3 7 8 8,5.63,95.90%,5.99,2.03
1 2 12 13,7.58,95.90%,8.31,3.37
1 7 9 12,5.68,95.90%,6.08,2.24
10 11 12 12,5.89,95.90%,6.27,2.05
4 4 5 8,7.37,95.90%,7.72,2.57
1 2 6 8,6.09,95.90%,6.41,2.33
3 3 9 9,7.32,95.90%,7.7,2.77
1 2 12 12,6.38,95.80%,6.71,2.2
1 4 5 5,7.48,95.80%,7.91,2.68
2 2 4 8,7.89,95.80%,8.41,3.08
8 9 10 13,6.87,95.80%,7.37,2.65
4 6 7 8,6.53,95.80%,6.96,2.48
7 9 11 11,6.29,95.80%,6.77,2.64
2 2 6 6,7.51,95.80%,8.02,3.05
10 11 12 13,8.01,95.80%,8.62,3.48
3 6 10 11,6.41,95.80%,7.05,2.86
1 10 12 12,6.19,95.80%,6.81,2.94
1 4 4 4,7.41,95.70%,7.86,2.86
1 4 5 12,5.89,95.70%,6.33,2.33
2 6 10 10,7.11,95.70%,7.58,2.96
4 8 10 12,7.19,95.70%,7.71,2.86
9 10 12 12,5.92,95.70%,6.24,2.02
1 2 3 11,8.58,95.70%,8.98,3.39
4 4 5 6,6.29,95.70%,6.6,2.26
6 10 10 10,6.47,95.70%,6.74,2.31
4 5 7 8,7.7,95.60%,8.19,3.15
6 7 12 12,5.56,95.60%,5.93,2.03
1 7 8 12,6.45,95.60%,6.97,2.67
5 5 12 13,6.14,95.60%,6.62,2.14
2 4 13 13,6.83,95.60%,7.34,2.76
1 8 10 12,5.83,95.60%,6.16,2.19
1 1 2 10,5.69,95.60%,5.96,1.81
2 5 6 8,7.32,95.60%,7.91,3.03
4 4 8 8,7.53,95.60%,8.13,3.2
1 4 4 12,5.81,95.60%,6.31,2.36
3 8 10 10,5.44,95.60%,5.89,2.25
2 6 6 8,6.85,95.50%,7.42,2.98
1 3 3 3,6.71,95.50%,7.09,2.55
1 2 2 4,7.52,95.50%,7.83,2.44
2 12 12 13,6.3,95.50%,6.69,2.37
3 8 8 9,6.98,95.50%,7.29,2.5
1 9 9 12,5.44,95.50%,5.72,1.78
2 2 6 8,9.27,95.50%,9.69,3.59
1 2 5 8,5.54,95.50%,5.94,2.26
1 2 3 3,8.59,95.50%,8.93,2.98
2 6 9 11,7.45,95.50%,7.93,3.13
1 2 5 12,5.64,95.40%,6.09,2.2
1 2 3 5,7.1,95.40%,7.39,2.38
1 6 9 12,5.67,95.40%,6.05,2.13
6 7 12 13,6.68,95.40%,7.17,2.72
1 3 6 8,5.94,95.40%,6.37,2.53
1 4 8 11,7.83,95.40%,8.26,2.85
3 6 6 12,6.94,95.40%,7.6,2.84
1 1 2 7,6.73,95.40%,6.96,2.07
2 5 9 12,7.09,95.40%,7.53,2.84
2 11 12 12,6.09,95.40%,6.49,2.27
2 2 4 7,7.4,95.30%,8.06,3.15
2 8 10 10,5.97,95.30%,6.28,2.07
9 11 11 11,6.83,95.30%,7.21,2.76
1 3 3 12,5.92,95.30%,6.32,2.31
4 5 6 6,6.5,95.30%,6.81,2.33
1 1 3 5,6.85,95.20%,7.17,2.32
8 9 11 12,6.81,95.20%,7.45,3.01
9 10 10 13,7.41,95.20%,7.86,3.02
5 5 5 5,5.95,95.20%,6.36,2.16
2 6 10 12,6.95,95.10%,7.43,2.81
1 2 5 5,6.69,95.10%,7.19,2.91
1 2 6 7,6.98,95.10%,7.35,2.55
1 3 9 11,7.1,95.10%,7.65,3.15
3 4 11 12,7.12,95.10%,7.75,3.35
1 3 3 5,6.51,95.10%,6.76,2.46
4 8 11 11,5.7,95.10%,6.01,1.98
1 1 3 13,5.98,95.10%,6.36,2.13
1 3 5 8,6.47,95.10%,7.13,2.89
2 5 6 12,6.41,95.10%,6.8,2.52
2 2 6 10,8.21,95.10%,8.64,3.02
11 12 13 13,6.21,95.10%,6.69,2.43
3 3 4 12,7.7,95%,8.34,3.2
1 4 10 11,7.65,95%,8.1,3.15
1 2 5 7,6.73,95%,7.07,2.65
2 8 9 12,6.66,95%,7.04,2.72
3 7 8 12,8.11,95%,8.61,3.22
2 3 5 6,7.63,95%,8.05,2.95
2 4 5 8,6.93,95%,7.31,2.74
1 3 4 7,8.67,95%,9.48,3.83
1 2 5 9,7.98,95%,8.48,3.09
2 8 12 12,6.89,95%,7.27,2.62
2 11 11 13,6.77,94.90%,7.28,2.84
2 7 8 12,6.29,94.90%,6.73,2.56
4 7 9 12,8.07,94.90%,8.58,3.25
1 1 6 8,7.29,94.90%,7.62,2.55
11 11 12 13,6.97,94.90%,7.39,2.48
1 5 5 6,7.48,94.90%,7.99,3.07
8 10 11 11,7.05,94.80%,7.45,2.76
2 3 5 11,7.93,94.80%,8.43,3.29
11 11 11 12,5.33,94.80%,5.61,1.99
1 8 10 13,6.28,94.80%,6.6,2.43
2 3 11 12,6.15,94.80%,6.74,2.75
3 5 10 12,7.38,94.80%,7.95,3.1
3 8 13 13,5.34,94.80%,5.68,2.06
2 7 8 11,7.98,94.80%,8.57,3.59
1 5 8 8,5.76,94.80%,6.35,2.69
2 8 10 11,6.38,94.70%,6.87,2.62
3 9 9 12,6.55,94.70%,6.92,2.56
10 11 11 13,6.51,94.70%,6.91,2.63
1 5 7 8,6.33,94.70%,6.71,2.42
2 3 7 12,7.34,94.70%,7.81,3.04
2 4 5 13,7.55,94.70%,8.14,3.25
3 3 11 12,5.72,94.70%,6.11,2.19
1 7 9 9,7.44,94.70%,7.92,3.19
2 4 4 4,8.31,94.60%,8.76,3.19
1 2 5 6,6.58,94.60%,7.11,2.75
1 10 11 12,6.6,94.60%,6.98,2.5
1 1 2 9,6.82,94.60%,7.11,2.33
4 8 8 8,6.81,94.60%,7.16,2.75
2 2 3 9,7.29,94.50%,7.73,2.88
1 6 12 12,5.95,94.50%,6.37,2.45
3 4 9 12,7.58,94.50%,8.02,3.08
3 4 12 12,6.05,94.50%,6.52,2.48
1 1 4 4,6.01,94.50%,6.31,2.43
2 4 6 12,10.23,94.50%,11.06,4.75
2 4 5 12,6.51,94.50%,6.96,2.87
1 3 4 9,8.3,94.50%,8.8,3.81
3 6 13 13,5.91,94.50%,6.15,1.95
4 6 10 11,5.9,94.50%,6.3,2.39
3 5 11 11,6.55,94.50%,7.06,2.97
3 3 4 4,7.09,94.40%,7.45,2.69
3 6 11 11,5.72,94.40%,5.99,2.05
3 8 10 11,5.92,94.40%,6.27,2.35
4 8 8 12,8.83,94.40%,9.39,3.84
1 4 9 11,8.12,94.40%,8.78,3.71
3 6 6 6,7.32,94.40%,7.75,3.15
4 8 13 13,6.05,94.40%,6.27,1.91
1 4 6 8,6.21,94.40%,6.57,2.52
1 5 9 9,7.18,94.40%,7.69,3.15
1 2 6 9,7.86,94.30%,8.4,3.58
1 2 2 5,7.79,94.30%,8.03,2.83
1 1 3 11,6.49,94.30%,6.73,1.97
12 13 13 13,6.52,94.30%,6.85,2.44
1 2 7 8,8.49,94.30%,9.01,3.53
1 10 12 13,7.12,94.30%,7.45,2.83
2 2 8 10,8.65,94.30%,9.26,3.29
8 10 10 12,8.05,94.30%,8.52,3.4
1 2 5 13,8.62,94.30%,9.16,3.68
1 6 8 13,7.27,94.30%,7.7,2.83
3 3 3 10,6.9,94.30%,7.47,3.25
1 12 13 13,5.92,94.30%,6.25,2.17
3 5 13 13,7.22,94.30%,7.71,3.07
1 12 12 13,7.19,94.20%,7.7,3.12
10 12 13 13,7.87,94.20%,8.32,2.93
3 8 11 12,6.08,94.20%,6.55,2.64
1 11 12 12,6.9,94.20%,7.43,3.1
3 10 10 12,6.59,94.20%,6.94,2.35
4 6 8 12,8.14,94.20%,8.76,3.48
5 7 13 13,7.47,94.20%,7.87,3.21
3 3 6 9,9.57,94.20%,10.28,4.1
2 3 4 12,7.58,94.20%,8.09,3.28
6 8 11 11,6.9,94.20%,7.43,3.06
2 2 4 10,7.61,94.10%,8.01,2.92
2 4 6 6,8.52,94.10%,9.27,3.98
1 3 4 13,8.11,94.10%,8.7,3.66
2 2 2 10,7.68,94.10%,8.13,3.33
2 11 13 13,6.38,94.10%,6.88,2.52
2 5 10 11,8.28,94.10%,8.85,3.5
1 4 4 9,7.85,94.10%,8.25,3.34
2 6 6 10,8.61,94.10%,9.05,3.64
1 3 5 13,7.02,94.10%,7.43,2.72
2 2 6 12,7.88,94.10%,8.48,3.48
7 9 10 12,7.26,94%,7.78,3.16
3 6 9 9,7.01,94%,7.6,3.28
2 3 4 4,9.25,94%,9.67,3.57
2 7 8 13,7.3,94%,7.84,3.11
3 3 4 5,7.29,94%,7.75,3.18
4 7 8 8,6.94,94%,7.33,2.53
3 4 7 7,8.75,94%,9.41,3.8
2 3 3 13,7.07,94%,7.6,2.92
9 9 12 13,6.33,94%,6.69,2.25
2 6 8 12,10.45,94%,11.09,4.51
9 9 11 12,5.63,93.90%,5.98,2.15
2 8 8 8,7.12,93.90%,7.68,3.28
2 7 9 10,8.12,93.90%,8.52,3.2
7 7 12 13,6.23,93.90%,6.63,2.35
2 4 8 8,8.08,93.90%,8.75,4.12
4 4 6 12,8.01,93.90%,8.69,3.77
1 5 8 9,6.32,93.90%,6.76,2.62
6 8 9 13,8.62,93.90%,9.3,3.96
3 4 5 5,7.88,93.90%,8.56,3.65
6 6 10 12,7.72,93.80%,8.14,3.07
3 6 8 9,8.42,93.80%,8.82,3.16
2 4 6 10,7.9,93.80%,8.32,3.37
2 9 10 12,7.16,93.80%,7.49,2.83
1 11 12 13,7.35,93.80%,7.77,3.19
4 6 10 12,8.59,93.80%,9.17,3.92
2 4 8 12,8.09,93.80%,8.86,4.19
4 6 12 13,6.31,93.80%,6.82,2.88
3 7 12 13,7.03,93.80%,7.5,3.0
4 7 7 8,6.09,93.80%,6.55,2.52
7 7 11 12,5.49,93.70%,5.78,2.05
2 2 7 8,7.53,93.70%,7.88,2.98
6 6 10 13,5.91,93.70%,6.43,2.68
1 3 9 13,8.65,93.70%,9.25,4.13
1 9 11 12,6.61,93.70%,7.05,2.97
1 9 10 12,6.87,93.70%,7.18,2.72
1 7 9 13,7.25,93.70%,7.5,2.52
1 5 6 6,6.73,93.60%,7.41,3.4
1 2 4 13,7.55,93.60%,7.88,2.93
3 6 6 7,6.65,93.60%,7.09,2.67
1 6 6 10,6.74,93.60%,7.09,3.03
2 4 9 13,8.1,93.60%,8.44,3.5
3 5 6 8,7.35,93.50%,7.83,3.19
9 10 12 13,8.19,93.50%,8.76,3.56
1 5 9 10,8.07,93.50%,8.59,3.77
4 4 10 13,6.2,93.50%,6.71,2.79
7 10 10 11,7.3,93.50%,7.63,2.94
1 2 11 13,6.78,93.50%,7.42,3.1
5 6 7 8,7.71,93.50%,8.21,3.11
4 6 9 10,6.94,93.50%,7.45,3.24
2 2 2 13,6.75,93.40%,7.1,2.72
2 3 10 13,8.51,93.40%,9.02,3.94
1 11 11 12,5.93,93.40%,6.17,2.22
3 7 7 13,8.56,93.40%,8.84,3.13
1 12 12 12,6.66,93.40%,6.88,2.57
3 4 8 10,7.27,93.40%,7.66,3.19
3 5 6 12,7.52,93.40%,8.04,3.23
1 1 4 9,6.88,93.40%,7.08,2.33
1 2 8 9,8.28,93.40%,8.87,3.42
3 6 11 12,7.2,93.40%,7.7,3.18
1 8 8 11,6.92,93.30%,7.39,3.42
3 3 12 13,6.74,93.30%,7.19,2.64
1 2 7 9,9.26,93.30%,9.74,3.81
4 5 8 12,8.54,93.30%,9.08,3.71
6 8 13 13,7.35,93.30%,7.82,3.08
1 2 9 13,8.57,93.30%,9.21,4.17
2 6 8 11,7.64,93.30%,8.07,3.38
1 2 2 8,6.22,93.30%,6.65,2.63
10 10 11 12,6.17,93.30%,6.53,2.29
3 6 7 7,5.88,93.30%,6.24,2.33
2 4 6 8,11.33,93.30%,11.77,4.44
2 2 3 3,7.96,93.30%,8.29,3.26
1 5 5 13,8.15,93.30%,8.37,3.21
4 6 8 9,7.92,93.30%,8.35,3.38
3 4 6 12,9.34,93.30%,9.85,3.99
3 4 7 10,8.3,93.30%,8.54,3.42
2 2 5 5,6.69,93.20%,7.07,2.49
3 4 12 13,7.86,93.20%,8.45,3.71
1 3 5 11,7.76,93.20%,8.11,2.86
10 13 13 13,6.14,93.20%,6.58,2.78
2 6 8 10,7.72,93.20%,8.22,3.44
1 4 9 10,8.42,93.20%,8.85,3.63
1 3 5 10,8.97,93.20%,9.46,3.7
4 4 7 9,7.5,93.20%,7.9,3.39
4 4 5 5,6.68,93.20%,7.11,2.52
2 3 3 9,9.31,93.20%,9.71,3.76
2 3 8 12,9.23,93.20%,9.73,3.79
1 3 4 4,6.87,93.10%,7.15,3.02
5 5 6 6,7.01,93.10%,7.48,2.79
2 3 6 9,10.1,93.10%,10.54,4.14
1 3 6 9,7.99,93.10%,8.49,3.2
1 5 9 11,9.02,93.10%,9.53,3.93
3 4 7 9,7.9,93.10%,8.33,3.73
3 6 12 12,7.69,93%,8.24,3.48
1 6 8 8,6.99,93%,7.31,2.92
4 8 9 11,8.68,93%,9.16,3.89
2 5 8 13,8.87,93%,9.39,3.91
3 9 10 11,7.23,93%,7.61,2.93
3 6 10 12,7.54,92.90%,8.05,3.43
10 10 10 13,6.43,92.90%,6.86,2.99
1 3 4 10,8.45,92.90%,8.73,3.35
4 8 11 12,7.04,92.90%,7.64,3.18
2 8 8 13,6.57,92.80%,6.94,2.55
4 6 11 12,6.6,92.80%,6.98,2.9
3 6 7 9,7.89,92.80%,8.34,3.48
5 9 10 10,7.19,92.80%,7.58,3.05
2 8 8 10,9.22,92.80%,9.44,3.77
3 6 9 12,10.27,92.70%,10.72,4.16
2 4 8 11,8.17,92.70%,8.49,3.62
2 3 8 11,9.53,92.70%,10.12,4.06
3 6 8 8,7.4,92.70%,7.74,2.98
2 7 8 8,7.57,92.60%,7.97,3.08
1 8 9 11,7.3,92.60%,7.63,3.1
1 7 8 11,7.01,92.60%,7.4,3.08
1 9 12 12,6.5,92.60%,6.86,2.82
6 6 9 12,7.75,92.60%,8.12,3.31
1 7 10 12,7.05,92.60%,7.46,2.96
5 10 13 13,7.48,92.50%,7.93,2.78
1 4 6 11,7.97,92.50%,8.28,3.23
2 5 8 9,9.1,92.50%,9.42,3.73
8 10 13 13,7.91,92.50%,8.29,3.33
2 3 4 8,8.07,92.50%,8.78,4.01
2 6 8 8,9.51,92.50%,9.87,4.08
3 5 6 9,8.88,92.50%,9.31,3.67
2 4 7 11,8.66,92.50%,8.98,3.79
5 5 7 8,7.26,92.40%,7.71,2.94
5 8 8 13,7.95,92.40%,8.33,3.65
1 2 9 12,7.7,92.40%,8.32,3.81
3 12 12 13,7.92,92.40%,8.3,3.26
3 6 9 10,8.15,92.40%,8.48,3.56
3 4 10 12,8.0,92.40%,8.38,3.5
4 7 12 13,7.13,92.40%,7.74,3.4
1 8 8 10,7.02,92.40%,7.36,2.99
2 2 11 12,6.11,92.30%,6.5,2.56
1 10 10 12,6.03,92.30%,6.24,2.1
4 8 8 9,8.06,92.30%,8.3,3.05
2 5 6 7,8.02,92.30%,8.49,3.62
5 8 9 12,9.29,92.30%,9.72,3.87
1 3 8 9,6.27,92.20%,6.82,3.18
5 6 8 8,7.34,92.20%,7.69,2.92
3 3 3 7,6.9,92.20%,7.32,3.12
3 3 7 11,8.41,92.20%,8.7,3.56
3 5 6 6,8.16,92.20%,8.67,3.6
10 10 12 13,7.11,92.20%,7.43,2.6
2 3 6 10,9.11,92.20%,9.33,3.75
2 5 7 10,8.75,92.20%,9.15,3.72
8 8 12 13,7.05,92.10%,7.35,2.65
2 3 3 7,8.4,92.10%,8.85,3.69
2 2 12 13,6.97,92.10%,7.25,2.6
7 8 10 13,8.89,92.10%,9.4,4.08
4 7 8 9,8.37,92.10%,8.77,3.69
3 5 8 8,8.02,92.10%,8.48,3.85
2 2 2 11,6.51,92.10%,6.79,2.66
3 3 4 9,9.34,92.10%,9.67,3.77
9 11 13 13,7.6,92%,8.11,3.19
2 5 5 13,6.89,92%,7.28,2.71
2 6 7 12,7.05,92%,7.2,2.91
1 4 4 10,7.85,92%,8.06,3.4
2 3 5 9,8.79,92%,9.31,4.31
4 4 8 12,10.87,92%,11.49,4.93
4 10 12 12,8.0,92%,8.42,3.34
4 4 12 13,6.59,92%,6.95,2.49
1 5 10 12,6.55,92%,6.96,3.07
1 2 4 11,7.8,91.90%,8.06,2.8
2 3 4 10,9.72,91.90%,10.1,4.16
2 3 6 6,10.65,91.90%,11.04,4.36
2 3 11 13,6.48,91.90%,6.91,2.78
4 4 11 12,5.71,91.90%,6.06,2.35
3 7 9 10,7.49,91.90%,8.06,3.46
1 5 6 9,7.11,91.90%,7.56,3.43
1 6 9 10,9.46,91.80%,9.7,3.71
1 3 6 13,8.2,91.80%,8.44,3.17
2 4 6 9,8.58,91.80%,9.06,4.19
1 2 5 10,9.83,91.70%,10.06,3.98
4 8 12 13,7.48,91.70%,8.18,3.7
3 3 8 12,8.41,91.70%,8.97,3.88
5 6 11 13,7.18,91.70%,7.75,3.37
1 2 3 13,10.59,91.70%,10.95,4.79
2 3 7 11,8.7,91.70%,9.09,4.21
1 2 2 7,8.39,91.70%,8.72,3.35
6 7 8 10,7.88,91.60%,8.4,3.57
2 2 3 6,8.99,91.60%,9.28,4.01
3 8 8 12,7.15,91.50%,7.62,3.1
2 7 11 12,8.08,91.50%,8.43,3.4
1 8 11 12,7.25,91.50%,7.77,3.41
5 6 10 13,8.45,91.50%,9.12,4.24
1 5 6 10,7.76,91.50%,8.1,3.24
2 2 9 11,7.84,91.50%,8.16,3.28
6 8 12 12,8.77,91.50%,9.48,4.23
2 2 4 11,8.24,91.50%,8.59,3.66
6 6 6 8,9.44,91.40%,9.75,4.17
5 8 8 10,7.29,91.40%,7.77,3.37
6 9 10 11,9.8,91.40%,10.13,4.08
4 4 8 10,8.8,91.40%,9.13,4.36
2 5 6 13,7.92,91.40%,8.41,3.61
1 8 9 13,7.38,91.40%,7.84,3.51
3 11 11 12,6.24,91.40%,6.44,2.17
2 2 8 8,10.38,91.40%,10.72,4.71
3 5 9 13,9.57,91.30%,9.91,4.01
1 2 8 13,10.13,91.30%,10.43,4.73
1 11 13 13,8.49,91.30%,8.83,3.74
4 5 5 9,8.99,91.30%,9.32,3.88
4 11 12 13,8.74,91.20%,9.18,3.87
4 5 7 7,6.77,91.20%,7.37,3.44
3 7 12 12,7.87,91.20%,8.23,3.41
1 4 12 12,6.29,91.20%,6.53,2.49
1 4 5 10,8.86,91.20%,9.01,3.61
2 4 7 10,8.4,91.20%,8.67,3.82
2 13 13 13,6.14,91.10%,6.32,2.32
2 2 4 13,8.57,91.10%,9.09,4.16
3 4 4 5,8.83,91.10%,9.13,3.95
4 4 4 7,7.4,91.10%,7.76,3.31
1 1 6 12,6.7,91.10%,7.36,3.37
4 5 10 13,9.3,91.10%,9.74,4.38
6 8 8 10,8.16,91%,8.62,4.02
4 5 10 10,6.92,91%,7.24,3.04
3 7 9 9,6.44,91%,6.87,2.78
2 3 6 12,12.28,91%,12.71,5.2
2 4 5 6,11.11,91%,11.61,4.46
3 12 13 13,6.46,91%,6.62,2.29
9 9 10 13,6.73,90.90%,6.9,2.68
2 3 4 13,8.85,90.90%,9.19,3.9
5 7 9 13,9.94,90.90%,10.39,4.07
3 4 4 9,7.73,90.90%,8.24,3.29
1 2 7 10,6.95,90.90%,7.71,4.0
3 12 12 12,7.86,90.90%,8.17,3.42
5 5 6 7,9.0,90.80%,9.44,4.03
3 11 12 12,8.46,90.80%,8.71,3.28
1 2 4 9,8.93,90.80%,9.28,3.92
6 6 8 12,9.53,90.80%,9.88,4.21
5 6 9 10,8.28,90.80%,8.74,3.78
4 7 8 13,9.53,90.70%,9.97,4.28
6 6 7 9,8.3,90.70%,8.63,3.71
3 4 6 8,10.69,90.70%,11.2,5.02
8 9 11 13,7.72,90.70%,8.16,3.68
3 9 12 12,7.63,90.70%,8.2,3.48
1 2 6 13,8.4,90.60%,8.88,3.9
3 7 11 12,7.16,90.60%,7.7,3.49
5 6 9 9,7.0,90.60%,7.27,2.74
3 3 7 9,9.74,90.60%,9.91,3.75
1 3 5 9,10.11,90.60%,10.39,4.46
4 5 9 10,8.1,90.60%,8.47,3.64
8 8 11 12,6.19,90.60%,6.54,2.66
1 4 5 11,8.12,90.60%,8.37,3.88
1 6 9 13,7.72,90.60%,8.12,3.96
4 4 10 12,8.13,90.60%,8.54,3.93
2 9 12 13,8.4,90.60%,8.82,3.86
1 5 5 12,6.16,90.50%,6.36,2.32
3 7 10 11,8.0,90.50%,8.27,3.37
2 8 9 11,8.7,90.50%,9.1,3.77
4 7 9 10,7.7,90.50%,8.19,3.66
3 4 6 6,11.01,90.50%,11.26,4.63
2 3 9 9,8.96,90.50%,9.32,3.95
2 2 4 9,9.51,90.50%,9.84,4.3
3 4 4 12,7.61,90.40%,7.91,3.28
8 8 8 10,6.35,90.40%,6.7,2.91
1 3 8 13,10.73,90.40%,11.06,5.02
4 8 10 11,7.67,90.40%,7.98,3.45
8 8 10 13,6.96,90.40%,7.35,3.05
4 8 9 9,6.33,90.40%,6.49,2.28
1 2 4 5,8.86,90.40%,9.27,4.21
6 6 8 9,8.38,90.30%,8.64,3.44
3 4 5 10,8.26,90.30%,8.62,3.99
4 5 11 13,7.17,90.30%,7.59,3.29
6 6 12 13,7.17,90.30%,7.56,3.04
3 4 4 7,7.45,90.30%,7.87,3.37
4 5 6 7,8.54,90.30%,8.94,3.82
4 5 6 10,10.02,90.30%,10.49,4.36
1 6 6 9,7.26,90.30%,7.7,3.26
1 5 6 13,9.7,90.30%,10.08,4.65
5 10 11 11,7.27,90.30%,7.48,2.76
5 6 10 11,7.91,90.30%,8.22,3.54
3 9 10 12,8.92,90.20%,9.17,3.63
2 4 4 6,11.32,90.20%,11.66,4.67
2 8 8 9,8.05,90.20%,8.35,3.34
2 8 13 13,6.09,90.20%,6.39,2.56
2 9 10 13,8.45,90.20%,9.07,4.07
3 3 4 7,7.72,90.20%,8.18,3.48
3 8 9 12,9.46,90.20%,9.87,4.4
2 3 6 11,9.47,90.20%,9.82,4.38
3 3 6 11,9.21,90.20%,9.66,4.44
10 12 12 13,7.28,90.10%,7.74,3.54
6 6 8 10,8.68,90.10%,8.9,3.96
6 7 11 13,7.51,90.10%,7.89,3.44
3 9 11 12,9.35,90.10%,9.79,4.37
2 8 9 13,8.12,90.10%,8.37,3.57
2 4 6 7,10.31,90.10%,10.42,4.27
7 8 11 13,7.93,90.10%,8.48,3.85
2 2 10 13,6.97,90.10%,7.23,3.03
1 2 6 11,8.75,90%,9.19,4.25
2 3 9 10,10.55,90%,10.75,4.18
2 10 10 13,7.49,90%,7.63,2.85
3 6 7 12,8.55,90%,8.81,3.76
2 3 6 13,10.71,90%,10.81,4.54
1 3 5 7,9.13,90%,9.38,4.02
3 5 9 12,8.83,90%,9.14,4.01
2 11 11 11,6.09,90%,6.21,2.47
2 4 9 9,8.6,90%,8.71,3.82
1 5 6 8,9.1,90%,9.15,3.84
5 6 8 9,9.54,89.90%,9.82,4.35
5 8 9 11,8.24,89.90%,8.49,3.67
4 9 9 10,9.73,89.90%,9.98,4.04
3 5 5 7,7.47,89.90%,7.71,3.14
3 7 7 12,6.63,89.90%,6.78,2.56
3 4 6 10,9.34,89.80%,9.84,4.72
2 11 12 13,8.97,89.80%,9.34,3.94
3 4 9 11,8.14,89.80%,8.4,4.03
3 9 12 13,7.97,89.70%,8.44,3.93
1 9 11 11,7.65,89.70%,7.79,3.02
9 10 11 13,8.84,89.70%,9.09,3.8
1 4 4 8,10.15,89.70%,10.37,5.43
8 8 9 11,7.03,89.70%,7.57,3.69
2 6 11 13,7.63,89.70%,7.78,3.26
5 5 10 13,6.99,89.70%,7.34,3.26
7 7 10 13,6.77,89.60%,7.06,3.11
1 3 3 10,8.94,89.60%,9.04,4.1
6 6 6 9,7.38,89.60%,7.97,3.92
2 6 7 8,8.66,89.60%,8.97,3.88
2 4 4 10,12.28,89.60%,12.37,5.14
3 5 8 11,7.75,89.60%,8.05,3.47
1 3 4 8,11.45,89.60%,11.57,4.61
5 5 8 9,8.19,89.60%,8.64,3.88
2 10 11 13,8.5,89.50%,8.58,3.43
5 9 9 11,9.44,89.50%,9.64,3.84
6 6 6 12,8.96,89.50%,9.18,4.48
3 5 6 7,8.99,89.50%,9.04,3.8
3 8 8 11,9.71,89.50%,9.88,4.57
1 1 8 8,6.97,89.50%,7.42,3.71
4 9 12 12,9.56,89.40%,10.06,4.28
4 4 7 12,8.38,89.40%,8.75,4.13
3 10 11 12,8.85,89.40%,9.04,3.71
2 8 12 13,7.61,89.40%,7.86,3.55
1 6 12 13,8.38,89.40%,8.45,3.24
2 4 4 7,9.37,89.40%,9.55,4.27
3 3 10 13,7.42,89.40%,7.7,3.46
3 3 5 5,7.49,89.40%,7.73,3.16
1 3 7 8,7.24,89.30%,7.43,3.48
4 5 9 13,8.59,89.30%,9.33,4.75
2 3 3 11,7.3,89.30%,7.55,3.23
2 9 11 11,8.63,89.30%,9.08,4.03
1 5 8 11,12.07,89.20%,12.42,5.56
1 2 4 7,10.03,89.10%,10.3,4.82
6 9 12 12,6.88,89.10%,7.44,3.67
3 5 5 6,7.06,89.10%,7.29,3.09
4 9 11 12,9.96,89%,10.16,4.25
3 5 5 12,7.3,89%,7.62,3.32
1 4 8 9,11.73,89%,11.9,5.07
3 7 7 10,9.34,89%,9.62,4.27
2 6 12 12,9.97,89%,10.49,5.13
2 3 5 7,11.58,88.90%,11.67,4.97
5 7 8 9,9.18,88.90%,9.48,4.21
2 4 10 13,8.71,88.90%,9.07,4.43
2 2 5 7,8.98,88.90%,9.03,3.68
5 6 6 10,8.85,88.90%,9.06,3.86
1 7 7 12,6.15,88.90%,6.28,2.32
6 6 11 12,6.46,88.90%,6.77,2.97
3 4 6 11,10.16,88.90%,10.38,4.56
4 5 8 9,7.87,88.90%,8.25,3.97
6 6 9 11,8.4,88.80%,8.82,3.98
3 4 4 13,10.03,88.80%,10.08,4.15
6 10 12 12,9.98,88.80%,10.25,4.61
4 7 7 7,6.83,88.80%,7.02,3.01
4 8 9 10,7.9,88.80%,8.1,3.33
2 8 9 10,8.16,88.80%,8.35,3.78
5 8 11 13,8.16,88.80%,8.32,3.37
1 6 11 12,8.28,88.80%,8.26,2.97
6 6 6 11,7.14,88.70%,7.39,3.41
1 5 6 7,11.22,88.70%,11.53,4.63
3 3 6 7,10.19,88.70%,10.6,4.55
3 3 8 9,7.81,88.70%,8.19,3.79
2 9 10 11,8.33,88.70%,8.3,3.31
2 2 5 6,8.84,88.60%,9.16,4.38
2 9 9 13,7.02,88.60%,7.08,2.5
3 3 4 11,10.76,88.60%,10.88,5.41
1 5 10 13,9.13,88.60%,9.15,3.43
4 7 12 12,6.12,88.50%,6.51,2.85
2 8 11 11,6.37,88.50%,6.55,2.78
2 3 4 11,9.11,88.50%,9.26,4.08
4 5 9 9,6.4,88.40%,6.64,2.72
1 5 5 9,8.94,88.40%,9.09,3.7
6 9 12 13,10.28,88.30%,10.45,4.3
4 4 4 9,8.34,88.30%,8.43,3.94
2 8 11 12,8.58,88.30%,8.82,4.18
1 8 11 13,8.22,88.20%,8.32,3.55
1 3 3 11,10.02,88.20%,9.98,4.68
8 8 8 12,7.46,88.20%,7.86,3.98
3 7 10 13,8.82,88.20%,9.22,4.63
2 3 4 9,11.05,88.20%,11.11,4.67
3 7 9 11,11.7,88.10%,11.82,4.84
2 2 3 7,8.05,88.10%,8.43,3.8
6 8 8 12,11.02,88.10%,11.31,4.99
4 5 10 11,7.85,88.10%,8.28,4.17
1 3 6 11,10.64,88.10%,10.57,4.29
3 4 8 9,12.07,88.10%,12.24,5.03
1 2 7 11,10.5,88.10%,10.57,4.68
1 1 3 10,8.86,88.10%,8.88,3.86
6 8 8 8,6.99,88.10%,7.38,3.47
2 5 5 8,6.88,88%,7.04,3.06
1 5 5 11,9.61,88%,9.77,4.11
2 5 6 10,9.46,88%,9.51,4.42
1 9 11 13,9.26,88%,9.47,4.01
3 7 11 11,6.53,88%,6.77,3.02
7 9 9 13,10.26,88%,10.34,4.64
4 5 5 8,7.28,88%,7.43,2.93
1 4 5 7,12.43,87.90%,12.45,5.27
5 6 8 12,10.29,87.90%,10.35,4.06
5 6 7 7,6.69,87.80%,6.86,2.72
1 11 11 13,10.06,87.70%,10.01,4.25
6 8 8 11,8.3,87.70%,8.55,3.82
1 4 5 13,10.18,87.70%,10.29,4.48
5 5 10 11,7.39,87.70%,7.75,3.46
4 7 13 13,6.81,87.70%,7.06,2.94
4 5 13 13,6.37,87.70%,6.61,2.77
3 4 8 12,11.17,87.70%,11.15,5.42
2 4 5 11,9.82,87.60%,10.03,4.69
5 5 5 9,10.0,87.60%,9.76,4.11
2 2 3 13,8.51,87.60%,8.54,3.6
4 6 6 9,10.14,87.60%,10.45,5.26
1 6 10 13,8.44,87.60%,8.63,4.1
4 4 6 10,12.57,87.50%,12.6,5.35
4 5 7 12,9.4,87.50%,9.33,3.91
5 6 6 6,7.81,87.50%,7.91,3.44
4 7 7 11,9.22,87.50%,9.49,4.52
2 3 9 13,9.79,87.50%,10.07,5.28
2 2 5 11,9.1,87.40%,9.42,4.41
4 5 7 11,9.55,87.30%,9.77,4.97
6 12 13 13,9.85,87.30%,9.92,3.85
3 7 13 13,6.53,87.30%,6.67,2.74
4 5 6 8,10.5,87.30%,10.41,4.23
3 4 7 11,8.99,87.30%,9.05,4.58
2 9 9 11,6.96,87.30%,6.96,2.68
1 4 6 7,8.5,87.30%,8.78,4.49
2 4 6 13,9.65,87.20%,9.94,4.99
2 6 8 13,10.72,87.20%,10.87,5.06
4 5 11 11,6.72,87.20%,7.19,3.59
3 4 8 11,9.88,87.20%,9.9,4.84
5 6 9 12,9.79,87.20%,9.84,4.27
2 7 9 13,9.41,87.20%,9.71,4.77
2 4 9 12,11.26,87.20%,11.26,4.76
1 3 3 6,11.93,87.20%,11.83,5.16
5 6 11 11,6.97,87.20%,7.18,3.13
5 8 10 11,11.22,87.10%,10.92,4.73
5 5 6 11,10.0,87.10%,9.97,4.57
3 3 5 9,9.55,87%,9.56,3.99
2 2 8 9,11.21,87%,11.42,4.95
5 6 8 10,10.35,87%,10.31,4.38
3 3 9 12,10.97,87%,10.96,4.84
4 4 8 11,8.33,87%,8.32,3.69
5 8 8 9,7.83,87%,8.05,3.92
6 9 9 12,12.26,87%,12.17,5.82
3 7 8 9,9.21,86.90%,9.2,3.82
5 6 10 10,7.63,86.90%,7.99,3.73
1 8 10 11,10.07,86.90%,10.02,3.39
3 3 6 12,11.36,86.90%,11.51,6.01
5 5 9 10,8.69,86.90%,9.06,4.3
5 8 11 12,10.34,86.90%,10.5,4.16
5 6 13 13,6.81,86.90%,6.91,2.69
1 7 9 10,9.78,86.80%,9.74,3.86
1 2 6 10,10.89,86.80%,10.8,4.94
3 6 9 11,9.91,86.80%,9.87,4.65
6 7 9 12,9.65,86.80%,9.59,4.66
3 3 5 12,11.31,86.70%,11.38,5.1
5 10 10 12,9.08,86.70%,9.06,3.56
3 9 9 10,8.73,86.70%,8.78,3.81
1 4 4 11,10.51,86.70%,10.49,5.21
4 5 7 9,10.12,86.70%,10.41,5.0
2 3 4 7,10.87,86.70%,10.78,4.85
5 5 10 10,6.94,86.70%,7.24,3.12
4 4 8 13,8.85,86.70%,8.78,4.2
3 7 7 9,7.22,86.60%,7.26,2.95
7 8 8 9,7.13,86.60%,7.51,3.69
2 7 7 11,7.84,86.60%,7.89,3.67
6 8 10 13,8.36,86.60%,8.43,3.64
6 8 9 12,11.67,86.60%,11.68,5.06
4 6 7 10,9.88,86.50%,10.04,4.72
1 3 7 10,10.97,86.50%,10.9,5.15
1 3 8 8,8.72,86.50%,8.95,4.51
4 5 8 8,8.82,86.40%,8.8,4.02
2 3 10 12,11.0,86.40%,11.17,4.04
2 10 11 11,9.02,86.40%,9.05,3.99
6 11 11 12,9.89,86.40%,9.76,3.92
3 3 6 13,10.01,86.40%,10.24,5.25
4 7 9 9,7.47,86.40%,7.59,3.16
5 6 7 13,10.2,86.40%,10.44,5.42
3 3 6 10,9.87,86.40%,9.7,4.17
4 7 11 11,7.25,86.30%,7.35,3.32
2 3 7 13,11.77,86.30%,11.62,5.24
1 5 10 11,10.16,86.30%,9.92,3.62
6 8 11 13,9.0,86.30%,9.38,4.5
3 9 13 13,7.4,86.30%,7.56,3.26
3 6 12 13,9.0,86.30%,8.93,4.31
4 7 11 12,9.49,86.30%,9.64,4.7
2 4 5 9,9.49,86.30%,9.52,4.62
4 4 5 10,8.96,86.30%,9.07,4.66
1 3 5 6,14.49,86.30%,14.16,5.91
4 4 6 11,8.42,86.30%,8.51,4.42
4 5 10 12,10.45,86.20%,10.27,4.29
3 5 7 9,11.66,86.20%,11.44,4.86
6 8 9 9,10.0,86.20%,10.02,4.07
2 2 3 11,9.1,86.10%,9.11,4.12
1 4 6 9,8.95,86.10%,8.81,4.02
6 6 8 8,9.72,86%,9.63,4.4
4 4 4 11,8.58,86%,8.81,4.65
4 6 6 12,11.88,86%,11.56,5.8
4 12 12 12,8.83,86%,9.14,4.72
2 7 7 13,7.16,86%,7.27,3.01
3 7 9 12,11.54,85.90%,11.56,5.56
2 5 8 11,10.03,85.90%,10.22,5.08
5 5 11 11,7.08,85.80%,7.3,3.24
3 5 6 10,11.83,85.80%,11.63,5.59
3 9 11 11,7.38,85.80%,7.49,3.24
3 3 3 5,9.79,85.70%,9.46,3.98
2 4 12 12,9.95,85.70%,9.97,4.7
4 8 8 10,11.71,85.70%,11.63,5.51
1 1 4 10,9.3,85.60%,9.15,5.02
4 8 12 12,12.85,85.60%,12.23,5.83
1 6 6 6,10.59,85.60%,10.17,5.05
2 3 5 13,12.07,85.50%,11.88,5.34
1 4 7 7,11.38,85.50%,11.25,4.6
1 3 12 12,8.1,85.50%,8.39,4.52
5 5 13 13,7.01,85.50%,7.17,3.03
4 6 9 13,12.58,85.50%,12.59,5.18
5 5 9 9,7.3,85.50%,7.59,3.37
3 5 7 8,13.37,85.40%,12.95,5.94
2 4 4 13,7.53,85.40%,7.66,3.38
1 3 7 12,11.64,85.40%,10.98,4.98
3 6 10 10,7.81,85.30%,7.81,3.64
1 3 9 9,10.51,85.20%,10.11,4.02
1 3 7 7,11.69,85.20%,11.44,4.62
2 10 10 11,7.42,85.20%,7.27,2.92
6 7 10 12,10.66,85.20%,10.62,4.7
2 4 6 11,11.18,85.10%,10.98,5.39
1 1 7 10,8.08,85.10%,8.12,4.24
1 7 9 11,10.71,85.10%,10.44,4.24
4 4 5 7,9.57,85.10%,9.27,4.41
4 4 5 11,11.39,85%,11.3,4.82
4 4 4 5,7.71,84.90%,7.7,3.66
2 6 6 13,7.46,84.90%,7.54,3.15
3 4 5 9,9.38,84.90%,9.17,4.45
3 3 5 13,11.57,84.90%,11.35,4.69
1 5 9 13,10.2,84.90%,10.1,4.71
2 2 5 12,10.72,84.80%,10.48,5.13
5 5 8 8,8.18,84.80%,8.36,3.85
3 9 10 10,7.86,84.70%,7.73,3.43
8 8 8 13,9.19,84.70%,9.17,4.29
5 6 7 12,9.23,84.60%,9.15,4.29
2 6 10 13,11.67,84.60%,11.3,5.46
2 3 3 10,11.15,84.60%,11.25,4.87
7 10 12 12,7.37,84.60%,7.57,3.7
6 7 8 9,10.03,84.50%,9.67,4.35
3 3 3 9,9.25,84.50%,9.27,4.67
3 5 7 10,10.99,84.50%,10.67,5.1
2 4 4 11,7.62,84.50%,7.62,3.38
3 3 7 12,10.11,84.50%,10.02,5.26
1 6 7 9,11.54,84.40%,11.3,4.67
2 3 4 5,11.35,84.40%,10.97,5.57
1 5 7 9,11.68,84.40%,11.15,4.84
6 8 9 11,10.01,84.40%,9.79,4.64
4 7 9 13,10.29,84.30%,10.35,5.72
5 8 10 12,11.88,84.30%,11.18,5.05
4 4 6 8,12.7,84.20%,12.14,6.52
6 6 7 10,7.75,84.20%,7.85,4.09
3 4 9 9,12.43,84.20%,12.03,4.99
7 8 9 13,9.96,84%,9.71,4.26
3 4 5 6,9.97,84%,9.91,4.98
3 7 8 13,9.57,84%,9.5,4.79
2 8 8 11,8.37,84%,8.09,3.45
2 4 8 9,10.17,84%,9.9,4.57
6 7 8 11,10.24,83.90%,9.96,4.83
4 7 10 10,8.99,83.90%,8.74,4.08
6 6 7 12,10.32,83.80%,10.01,4.72
4 4 7 8,12.52,83.80%,12.28,5.55
2 5 7 13,11.99,83.80%,11.74,5.61
6 6 8 13,8.9,83.80%,8.68,4.24
1 7 10 13,10.75,83.70%,10.33,4.61
7 8 8 12,10.66,83.60%,10.32,4.47
5 10 12 13,10.64,83.50%,10.21,4.41
2 7 9 11,11.62,83.50%,11.26,5.31
3 5 5 9,9.23,83.30%,8.9,4.05
2 2 7 12,10.19,83.20%,9.78,4.39
2 5 12 12,6.93,83.20%,7.33,4.07
2 6 6 11,7.51,83.20%,7.35,3.13
1 9 10 13,10.76,83%,10.25,4.39
3 7 8 11,11.51,83%,11.11,5.62
5 9 12 12,11.07,83%,10.77,4.73
3 9 10 13,10.83,83%,10.85,6.21
2 5 5 11,7.81,82.90%,7.62,3.34
2 5 7 7,10.77,82.90%,10.41,4.71
3 3 5 10,12.84,82.90%,12.05,5.32
6 6 8 11,8.47,82.90%,8.3,4.31
2 5 8 10,11.88,82.90%,11.02,4.82
5 11 12 12,9.19,82.80%,8.89,4.07
2 6 9 12,14.66,82.70%,13.71,6.54
4 8 9 13,11.43,82.70%,10.72,5.97
1 4 5 8,13.16,82.70%,12.46,5.64
5 7 8 8,8.5,82.70%,8.43,4.67
7 12 12 13,9.05,82.60%,8.84,4.09
2 6 7 11,11.07,82.60%,10.49,5.02
4 4 6 13,9.88,82.60%,9.4,5.04
3 5 6 11,12.59,82.50%,11.93,6.55
3 6 7 13,11.36,82.50%,10.76,6.05
6 10 12 13,10.5,82.50%,10.05,4.71
3 4 6 9,11.33,82.50%,10.75,5.42
4 4 9 11,8.57,82.50%,8.26,4.41
4 8 11 13,11.28,82.40%,10.45,5.14
3 3 3 4,12.34,82.40%,11.57,6.01
2 5 7 11,12.22,82.40%,11.59,5.71
6 9 9 11,10.33,82.40%,9.64,5.0
1 2 2 9,10.62,82.40%,9.9,4.48
3 4 7 12,14.65,82.40%,14.04,6.09
4 5 5 7,9.51,82.40%,9.15,4.34
4 9 10 13,11.28,82.40%,10.72,4.8
8 9 9 12,11.45,82.40%,10.81,4.71
3 5 10 13,11.79,82.30%,11.04,5.37
9 12 12 12,6.98,82.20%,7.03,3.68
2 3 8 10,15.61,82.20%,14.94,6.54
2 4 8 13,12.7,82.20%,12.07,5.92
1 4 7 9,12.74,82.20%,12.0,5.11
2 9 11 13,11.7,82.20%,11.25,5.36
1 3 6 10,13.46,82.10%,12.08,6.87
2 3 3 3,12.87,82.10%,11.84,5.96
2 4 4 5,12.28,82.10%,11.3,5.16
2 5 10 13,12.92,82.10%,12.4,5.91
2 5 5 7,12.09,82%,11.59,4.86
1 4 5 9,12.83,81.90%,11.81,6.41
4 10 12 13,10.99,81.50%,10.2,5.37
5 6 6 8,10.92,81.50%,10.49,5.85
2 10 12 13,13.77,81.40%,13.06,6.04
4 6 7 12,11.52,81.40%,11.17,5.36
1 5 12 12,10.9,81.30%,10.12,4.86
3 6 8 13,14.97,81.30%,14.28,6.12
5 5 8 10,10.21,81.30%,9.68,3.96
2 3 8 9,14.01,81.30%,12.85,6.23
8 8 9 13,8.98,81.20%,8.59,4.69
4 5 5 10,11.86,81.20%,10.96,4.46
1 1 6 9,13.05,81%,11.34,6.4
1 5 6 11,13.06,81%,11.93,6.47
4 6 8 13,11.61,81%,10.84,5.09
2 8 10 13,13.34,80.90%,12.56,5.95
2 3 6 7,16.08,80.80%,15.05,6.62
5 5 8 13,11.11,80.80%,10.59,4.46
5 6 6 12,14.72,80.70%,13.46,6.01
2 4 7 9,13.95,80.60%,13.14,6.36
7 8 8 11,8.48,80.60%,8.17,4.53
1 7 12 12,9.45,80.60%,8.78,4.34
3 6 8 12,15.17,80.50%,13.79,6.15
6 9 10 12,12.25,80.50%,11.36,5.94
1 3 7 9,14.22,80.40%,12.74,5.47
2 7 12 13,10.44,80.40%,9.67,4.84
2 3 8 8,12.98,80.40%,11.84,5.7
6 7 9 9,11.41,80.40%,10.68,5.9
7 7 8 11,10.95,80.40%,10.02,4.42
3 3 8 10,14.27,80.30%,13.49,5.53
5 8 8 8,11.02,80.20%,10.42,5.19
2 3 5 10,13.29,80.20%,12.07,5.35
2 3 7 8,13.89,80.20%,12.68,5.59
1 5 8 13,12.64,80.10%,11.42,5.73
3 8 9 11,13.57,80.10%,12.64,6.8
6 11 12 13,10.36,80.10%,9.55,4.95
1 4 6 6,12.97,80%,11.77,6.38
3 5 11 12,12.56,79.90%,11.32,5.7
2 8 10 12,17.74,79.80%,16.35,7.45
4 7 10 12,12.74,79.80%,11.37,5.54
7 8 9 10,11.86,79.80%,11.04,5.33
3 4 9 13,10.45,79.60%,9.45,5.34
1 4 4 6,15.31,79.60%,13.55,6.77
5 5 8 12,11.91,79.50%,10.98,5.06
4 7 8 12,14.95,79.40%,13.86,6.69
3 5 9 9,13.9,79.40%,12.9,6.13
2 4 9 10,14.24,79.30%,12.99,6.0
2 4 10 11,15.16,79.20%,13.93,6.45
7 8 10 10,11.42,79.10%,10.55,4.89
3 3 9 11,14.2,79.10%,13.05,5.65
3 5 5 11,14.19,79%,13.09,5.43
4 4 5 12,13.09,79%,11.5,5.91
2 7 10 11,13.37,78.90%,12.25,6.04
8 8 10 12,10.72,78.70%,9.71,5.6
2 2 2 5,9.85,78.70%,8.96,4.68
2 2 5 10,14.91,78.60%,13.45,5.78
2 6 12 13,14.46,78.60%,13.39,5.8
2 5 5 9,15.7,78.50%,14.39,5.98
4 10 10 12,13.46,78.40%,12.16,6.28
2 4 5 7,12.71,78.40%,11.3,5.62
2 6 6 7,12.21,78.40%,10.67,5.54
4 4 9 12,11.24,78.30%,10.16,4.72
2 5 10 10,10.32,78.30%,9.42,3.9
2 5 9 10,14.58,78.10%,13.05,6.18
3 3 9 10,14.94,78.10%,13.6,6.1
5 5 6 8,16.54,78.10%,14.9,6.54
3 3 3 11,11.91,78%,10.71,5.38
4 5 8 13,12.76,78%,11.33,5.89
5 9 10 13,13.05,78%,11.54,5.87
2 5 6 6,11.25,78%,9.88,5.53
4 5 6 13,11.55,78%,10.18,5.07
7 10 10 12,12.21,78%,11.01,5.07
1 2 7 12,11.1,77.90%,9.65,5.55
6 8 11 12,13.39,77.90%,12.23,5.74
4 6 9 12,14.54,77.80%,12.61,7.02
2 6 11 12,15.49,77.70%,13.96,6.35
8 11 12 12,7.82,77.50%,7.26,3.55
2 2 3 4,14.98,77.40%,13.18,6.13
4 4 6 9,12.24,77.40%,10.48,5.57
3 4 4 10,14.42,77.10%,12.1,6.66
2 5 11 12,11.73,77.10%,10.24,5.29
4 4 4 10,14.82,76.90%,12.75,6.5
2 3 7 10,16.91,76.90%,14.96,6.78
7 9 10 11,12.41,76.90%,10.81,5.32
3 3 4 13,14.49,76.80%,12.26,6.76
4 9 10 11,12.38,76.80%,10.69,5.81
4 6 8 10,15.11,76.70%,12.71,7.59
6 12 12 12,13.66,76.60%,11.63,6.62
2 2 2 9,13.21,76.60%,10.98,6.35
5 7 10 10,13.28,76.50%,12.05,5.27
2 3 7 7,17.1,76.50%,15.28,6.63
2 5 9 11,14.75,76.50%,13.08,6.84
2 4 7 8,18.98,76.50%,16.76,7.16
3 4 4 11,14.39,76.40%,12.57,6.37
4 10 11 13,12.16,76.20%,10.51,5.57
3 5 6 13,13.1,76%,11.28,5.52
6 9 11 12,13.02,75.90%,10.98,5.93
5 8 12 12,7.32,75.90%,6.76,3.49
4 5 8 10,13.55,75.90%,11.31,5.9
3 5 8 9,17.49,75.80%,15.67,7.53
7 7 9 10,12.64,75.80%,11.23,5.19
5 6 10 12,12.78,75.80%,10.91,5.45
5 9 9 12,14.78,75.70%,12.97,6.67
1 3 11 12,16.48,75.60%,14.03,7.05
1 3 12 13,16.02,75.60%,13.66,6.86
3 4 10 10,14.86,75.50%,12.9,6.06
4 5 6 9,18.44,75.30%,16.49,7.02
2 3 6 8,23.06,75.30%,20.16,8.88
4 4 7 10,10.74,75.20%,8.92,4.39
2 2 4 12,19.2,75.10%,15.22,9.15
3 3 9 13,12.64,74.60%,10.56,5.85
3 3 6 8,12.46,74.60%,10.38,5.58
2 2 5 9,13.93,74.30%,11.71,6.28
5 7 7 9,12.8,74.20%,11.06,5.06
1 3 3 8,19.57,74%,15.7,7.86
4 5 8 11,14.4,73.80%,11.71,6.59
5 5 7 10,13.19,73.80%,11.38,4.96
3 8 9 13,17.76,73.40%,15.28,7.09
1 3 8 11,20.54,73.40%,16.85,8.28
2 4 4 9,16.71,73.40%,13.42,7.28
7 10 11 13,13.49,73.30%,11.07,5.79
2 2 2 7,12.35,73.30%,9.51,5.67
4 4 5 13,14.32,73.30%,11.87,7.01
3 6 11 13,14.46,73.20%,11.3,6.74
2 6 10 11,16.57,73.10%,13.69,6.98
6 7 7 10,13.34,73%,10.83,5.3
2 2 9 12,17.27,72.90%,14.93,6.39
2 3 5 8,21.44,72.90%,17.88,7.71
3 6 6 13,15.17,72.80%,12.06,6.38
2 6 6 9,16.46,72.80%,13.03,6.55
4 5 7 13,15.43,72.80%,12.42,6.22
4 8 9 12,18.98,72.50%,16.31,6.84
6 9 11 13,12.78,72.50%,10.29,5.96
2 2 6 7,16.26,72.50%,13.03,6.84
2 6 8 9,18.52,72.40%,15.58,6.65
1 4 10 12,16.53,72.10%,12.81,6.61
2 2 4 4,19.5,72%,15.01,8.18
4 9 9 12,16.33,71.80%,13.42,6.47
5 7 8 10,14.99,71.20%,12.15,5.63
3 10 11 13,16.48,71.20%,13.31,6.3
1 5 5 10,15.65,71.20%,11.64,6.98
6 8 9 10,16.55,71.20%,12.69,7.07
5 7 9 11,14.2,71.10%,11.09,5.89
5 5 9 11,14.6,71.10%,12.27,5.16
2 5 8 8,15.42,71%,11.68,6.59
1 3 8 10,16.05,71%,12.31,6.49
1 5 11 12,15.01,71%,11.36,6.19
3 5 7 12,17.46,71%,14.01,7.67
6 7 10 10,13.83,70.80%,10.47,5.73
5 7 11 13,12.83,70.80%,10.0,5.17
3 9 9 11,17.68,70.50%,13.69,7.48
2 7 10 12,19.38,70.20%,15.86,7.05
3 4 8 13,17.98,70%,13.65,7.61
2 2 7 7,14.97,69.80%,11.21,5.96
6 6 9 10,17.09,69.80%,13.35,6.88
2 6 7 10,18.01,69.80%,12.96,7.22
2 6 9 10,18.43,69.70%,14.78,6.85
6 10 11 12,16.3,69.70%,12.94,6.17
3 3 8 13,15.87,69.70%,11.39,6.25
4 4 8 9,21.14,69.60%,16.8,8.28
1 5 7 10,20.39,69.50%,16.27,7.63
3 5 10 11,20.53,69.50%,15.99,8.37
2 3 10 10,19.18,69.50%,14.5,7.5
2 3 3 5,21.16,69.50%,15.7,8.49
6 10 10 13,14.57,69.10%,10.81,5.99
5 6 9 13,16.28,69%,12.46,6.11
4 7 8 11,15.79,69%,10.78,6.62
3 6 9 13,21.16,68.90%,17.22,7.59
2 3 11 11,19.52,68.30%,14.88,7.67
3 3 7 8,21.37,68.30%,16.85,8.09
3 5 9 10,19.12,68.10%,14.34,7.53
2 7 10 10,17.01,68.10%,13.35,5.81
5 7 7 10,17.26,68%,13.19,6.49
3 5 12 13,18.66,67.90%,14.53,6.59
1 2 8 10,20.88,67.70%,15.12,7.81
5 5 5 12,15.48,67.40%,10.23,6.42
2 3 9 12,20.01,67.30%,13.12,7.61
8 10 12 13,18.47,67.30%,14.31,6.27
3 4 4 4,24.47,67.30%,17.82,9.81
3 5 12 12,14.26,67.20%,9.62,5.75
3 9 9 13,16.62,67.20%,12.08,6.04
2 4 5 10,22.9,67%,17.3,8.07
3 6 8 10,17.4,66.60%,11.97,6.77
6 6 6 10,17.22,66%,11.49,6.49
5 7 12 12,15.74,66%,10.44,6.26
1 6 10 12,21.11,65.80%,13.99,7.82
3 4 5 13,23.39,65.60%,17.76,8.49
2 2 9 10,19.3,65.30%,14.24,7.34
7 7 7 12,15.42,65.20%,8.98,6.11
6 8 10 11,20.09,64.60%,13.61,7.17
5 9 12 13,20.53,64.40%,15.67,7.03
7 9 12 12,14.96,64.20%,9.28,5.41
10 12 12 12,16.86,64.10%,10.25,5.73
3 5 7 11,21.39,64%,14.47,7.8
9 9 9 12,17.85,63.80%,9.66,6.59
2 5 10 12,24.67,63.70%,17.88,8.55
8 10 12 12,19.59,63.60%,11.62,7.37
4 5 7 10,21.65,63.60%,14.31,7.8
2 2 5 8,24.84,63.50%,16.69,9.19
8 8 8 11,17.01,63.50%,10.21,5.97
3 4 5 11,28.16,63.30%,20.54,9.87
6 8 8 9,19.59,63%,11.71,7.2
4 10 11 12,24.71,62.90%,17.56,8.97
4 7 8 10,26.26,62.90%,18.82,9.21
2 7 12 12,20.66,62.80%,12.25,7.39
1 5 9 12,23.75,62.60%,14.09,8.74
2 2 6 11,25.22,62.20%,18.4,8.58
4 9 10 12,25.27,61.70%,17.05,9.01
5 7 10 13,22.5,61.60%,16.46,7.35
5 9 11 13,23.25,61.50%,16.69,7.75
10 10 10 12,19.93,61.50%,10.24,6.8
7 8 8 10,20.1,61.20%,12.07,7.63
1 4 9 13,27.76,61.10%,18.83,10.02
3 4 7 8,25.04,61.10%,14.33,8.25
5 7 9 10,24.53,61%,15.63,8.68
4 5 9 12,29.11,60.90%,22.06,10.07
2 9 10 10,22.59,60.60%,16.58,7.36
2 4 5 5,24.72,60.40%,15.23,8.46
5 6 7 9,26.31,60.10%,16.12,9.07
9 11 12 12,20.88,59.50%,10.72,6.43
5 6 6 9,25.04,59.20%,14.12,8.75
2 3 13 13,26.93,58.40%,17.55,9.57
8 9 11 11,25.64,58%,15.82,8.41
2 6 9 9,26.53,58%,14.29,8.07
6 6 7 11,24.57,58%,13.11,8.12
3 3 6 6,28.41,58%,14.18,8.38
2 5 12 13,31.29,58%,22.35,9.97
3 9 11 13,26.26,57.60%,13.9,8.31
2 3 7 9,30.64,57.60%,18.33,10.12
3 6 7 10,31.92,57.40%,21.85,10.37
8 8 9 12,24.93,56.70%,12.65,7.52
1 4 6 10,31.39,56.30%,18.81,9.37
1 7 12 13,27.75,56.30%,15.1,9.28
1 2 7 7,32.73,55%,17.28,10.37
2 2 3 10,35.18,54.90%,18.21,10.27
4 10 10 11,27.76,54.80%,19.34,9.04
2 5 8 12,32.82,54.60%,17.78,9.75
3 5 10 10,25.12,54.30%,12.34,6.59
6 6 9 13,28.91,53.80%,13.19,8.3
4 4 7 13,30.78,53.80%,15.04,9.44
3 8 10 12,34.45,53.60%,20.48,10.33
2 2 7 10,30.9,53.40%,16.2,8.61
2 5 7 9,35.29,52.70%,23.49,10.35
2 2 6 9,36.11,52.10%,17.94,10.05
2 2 3 5,38.49,51.50%,15.34,8.81
4 7 9 11,37.32,51.40%,22.71,11.23
2 4 7 7,35.73,50.70%,17.22,9.67
3 6 6 10,39.12,50.30%,18.48,10.7
7 9 11 12,36.61,50%,17.36,10.44
7 8 9 12,41.23,48.70%,16.03,10.12
6 7 11 11,35.1,46.40%,19.8,10.15
5 5 8 11,39.1,45.80%,24.18,10.92
1 2 9 11,45.03,44.90%,22.27,12.16
4 5 6 12,58.44,44.10%,21.82,16.05
2 5 6 9,52.95,44%,27.17,13.41
1 5 5 5,45.49,43.60%,11.92,7.27
1 5 11 11,41.41,43.30%,15.93,9.75
4 9 11 11,47.16,43.30%,25.26,13.98
5 9 10 11,47.17,42.70%,28.12,13.4
8 9 10 12,51.24,42.50%,21.95,13.98
6 7 7 11,48.6,42.40%,27.65,14.51
4 6 7 9,58.49,42%,19.47,12.15
3 5 8 13,50.53,41.90%,30.48,13.89
1 7 13 13,47.38,41.70%,13.99,8.41
5 10 10 11,42.21,41.30%,14.82,7.03
3 3 7 7,48.84,41.20%,12.6,7.37
1 3 9 10,55.16,40.80%,23.19,12.28
6 7 8 12,63.27,40.70%,16.9,12.18
3 4 6 13,63.1,40.40%,20.37,11.69
4 6 6 10,55.98,40.20%,22.83,12.31
2 2 11 11,57.22,40.10%,13.2,8.62
2 7 8 9,69.74,39.80%,18.28,10.87
4 4 10 10,60.61,39.70%,13.47,9.13
5 7 9 12,57.59,39.60%,17.8,11.41
2 4 11 12,63.58,39.40%,23.37,13.12
4 4 7 7,56.41,38.80%,14.56,8.11
5 10 10 13,49.61,38.50%,17.09,8.06
1 6 11 13,54.62,38.10%,18.47,9.98
4 5 6 11,61.48,38%,19.42,10.88
3 5 8 12,62.47,38%,27.97,13.34
6 12 12 13,60.5,37.90%,15.11,8.3
7 10 12 13,67.86,37.40%,22.3,12.55
2 2 13 13,64.44,37.30%,14.05,8.25
4 7 11 13,61.01,37%,30.84,16.48
5 6 8 13,68.54,36.40%,22.65,11.42
6 11 12 12,64.75,36.30%,15.4,8.93
1 4 7 11,72.93,35.70%,29.78,16.43
5 7 10 11,64.03,35.50%,23.76,13.12
5 8 9 13,64.8,34.90%,34.56,16.2
5 6 9 11,72.21,33.40%,26.15,15.0
2 2 6 13,71.49,33.10%,30.83,16.35
2 5 7 8,83.96,32.90%,28.52,15.64
2 3 8 13,92.19,32%,23.64,12.74
6 9 9 10,80.98,31.60%,32.75,18.6
3 3 8 8,104.24,30.80%,15.65,10.6
2 2 10 11,96.37,30.20%,26.2,17.05
4 8 8 11,88.95,30%,23.19,13.84
7 8 10 11,95.22,29.80%,24.05,14.09
1 6 6 8,101.21,29.80%,21.64,13.19
7 8 8 13,84.91,29.50%,27.08,15.03
3 3 5 7,104.76,29.20%,28.32,17.86
4 8 8 13,88.89,29.10%,24.53,14.05
1 8 12 12,104.58,29%,20.38,13.12
3 8 8 10,90.4,28.90%,25.35,16.08
1 4 5 6,195.91,28.70%,18.38,11.81
2 4 7 12,108.41,28.10%,28.97,16.35
9 11 12 13,99.38,27.90%,22.06,13.19
3 3 7 13,88.82,27.60%,32.8,18.62
5 7 7 11,88.29,27.40%,25.62,12.84
3 6 6 11,112.28,27.10%,24.73,15.29
2 7 7 10,90.8,27%,26.85,12.93
1 3 4 6,201.57,26.90%,19.77,12.1
5 5 7 11,91.1,26.10%,25.79,13.15
3 7 9 13,110.86,26%,39.84,21.67
2 4 10 10,111.72,25.80%,28.72,18.53
2 9 13 13,110.09,24.90%,30.9,19.5
3 5 7 13,122.99,23.60%,38.68,21.2
2 5 5 10,188.2,22.10%,24.09,16.42
2 3 5 12,207.89,20.70%,29.96,22.37
